epoch,lr,hidden_layer_number,hidden_neurons,mse,rmse,mae,r2,is_standard,is_PCA
2000,0.0001,3,[128 64 32],22.8550646867338,4.780697092133511,3.419713545780555,0.7815684628276274,False,False
10000,0.0001,3,[128 64 32],13.958866810265453,3.736156689736855,2.5670287057465195,0.8665916383811191,False,False
