Count,epoch,batch_size,lr,dropout,hidden_layer_number,hidden_neurons,activate function,weight_decay,acc,precision,recall,f1,Loss,is_standard,Dimensionality_reduction_method,Time
1,2000,128,[0.001 1e-05 1e-07],0,2,[32 64],relu,1e-08,0.975,0.9743790010216156,0.9755069196532611,0.9746838550454712,False,0.6472222222222223,None,4.513581037521362
2,2000,128,[0.001 1e-05 1e-07],0,2,[32 64],relu,1e-08,0.9777777777777777,0.9790680734966879,0.9778272269735684,0.9780186667031581,False,0.36944444444444446,None,3.0313820838928223
3,2000,128,[0.001 1e-05 1e-07],0,2,[32 64],relu,1e-08,0.9805555555555555,0.9818144743826236,0.9810667652131068,0.981023243994984,False,0.6055555555555555,None,12.077157974243164
