epoch,batch_size,lr,dropout,hidden_layer_number,hidden_neurons,activate function,mse,rmse,mae,r2,is_standard,is_PCA
10000,256,[0.001 1e-05 1e-07],0,2,[64 32],relu,17.309004263545063,4.160409146171211,2.8037256670933135,0.8345735415746217,False,False
10000,256,[0.001 1e-05 1e-07],0,2,[128 64],relu,19.599611845759103,4.427144886465667,2.812844925300747,0.8126816352466503,False,False
