epoch,batch_size,lr,dropout,hidden_size,hidden_size,activate function,mse,rmse,mae,r2,is_standard,is_PCA
2000,128,0.01,0,2,32,relu,3716147.2,1927.7311,1844.8057,-10.87877190703107,False,False
10000,256,[0.01 0.0001 1e-06],0,2,32,relu,2813084.2,1677.2252,1581.2161,-7.992103567195716,False,False
2000,256,[0.01 0.0001 1e-06],0,2,32,relu,8701426.0,2949.8179,2896.306,-26.814359620681774,False,False
2000,256,[0.01 0.0001 1e-06],0,2,32,relu,0.99015844,0.99506706,0.73087466,-0.6505037494024111,False,False
2000,256,[0.01 0.0001 1e-06],0.5,2,32,relu,1.0296793,1.0147312,0.75724185,-0.7163814546970078,False,False
