epoch,batch_size,lr,dropout,hidden_layer_number,hidden_neurons,activate function,mse,rmse,mae,mape,r2,r2_adjusted,rmsle,is_standard,Dimensionality_reduction_method
1000,256,[0.001 1e-05 1e-07],0,2,[128 64],relu,18.68650035800288,4.32278849332267,3.0837921684863505,12.932914948701804,0.8214084688222347,0.7950256289891557,0.15976575110541502,False,None
1000,256,[0.001 1e-05 1e-07],0,2,[128 64],relu,17.40651258665102,4.172111286465285,3.029176805533614,13.44161847253646,0.8336416302807763,0.8090659620268001,0.16003356324362444,False,None
