hidden_nodes,MSE,RMSE,MAE,R2,is_standrad,Dimensionality_reduction_method
150,36.53784806705649,6.044654503530908,3.9015133681138217,0.6507986992095312,True,None
