hidden_nodes,MSE,RMSE,MAE,R2,is_standrad,is_pca
150,40.69957937254569,6.379622196693601,4.021515556535309,0.6110239981173897,True,False
150,23.16356412677381,4.81285405209568,3.125927684972746,0.778620056956614,True,False
150,21.946191588096063,4.6846762522180825,2.9672817784264645,0.7902547890643363,True,False
150,24.494923624245054,4.949234650352017,3.075819798992631,0.7658959231356111,True,False
150,40.77990196809966,6.385914340805055,3.7634061579084666,0.610256335095779,True,False
150,31.328005321302232,5.59714260326662,3.579199390807996,0.7005904619973207,True,False
150,20.432068548002018,4.520184570125651,2.7799390162790916,0.8047256395147323,True,False
