Count,epoch,batch_size,lr,dropout,hidden_layer_number,hidden_neurons,activate function,mse,rmse,mae,mape,r2,r2_adjusted,rmsle,is_standard,Dimensionality_reduction_method,Time
1,1000,256,[0.001 1e-05 1e-07],0,2,[64 32],relu,27.681421855225935,5.261313700514914,3.7719478981167662,15.15126482501716,0.7354417670730289,0.6963593008451809,0.17985074543941182,False,None,3.6703810691833496
