hidden_nodes,ACC,Precision,Recall,F1,is_standrad,Dimensionality_reduction_method
150,0.7333333333333333,0.7424242424242425,0.7305555555555555,0.7328587168404103,True,None
